,0
0,https://www.arabalar.com.tr/alfa-romeo/junior
3,https://www.arabalar.com.tr/audi/a3
4,https://www.arabalar.com.tr/audi/a5
5,https://www.arabalar.com.tr/audi/a6
6,https://www.arabalar.com.tr/audi/q2
7,https://www.arabalar.com.tr/audi/q3
8,https://www.arabalar.com.tr/audi/q4
15,https://www.arabalar.com.tr/bmw/1-serisi
16,https://www.arabalar.com.tr/bmw/2-serisi
17,https://www.arabalar.com.tr/bmw/3-serisi
18,https://www.arabalar.com.tr/bmw/4-serisi
19,https://www.arabalar.com.tr/bmw/5-serisi
20,https://www.arabalar.com.tr/bmw/6-serisi
21,https://www.arabalar.com.tr/bmw/x1
22,https://www.arabalar.com.tr/bmw/x2
23,https://www.arabalar.com.tr/bmw/x3
26,https://www.arabalar.com.tr/byd/dolphin
27,https://www.arabalar.com.tr/byd/atto-3
28,https://www.arabalar.com.tr/byd/seal-u
29,https://www.arabalar.com.tr/byd/seal
30,https://www.arabalar.com.tr/byd/han
31,https://www.arabalar.com.tr/byd/tang
32,https://www.arabalar.com.tr/chery/tiggo-7-pro-max
33,https://www.arabalar.com.tr/chery/tiggo-8-pro-max
34,https://www.arabalar.com.tr/chery/omoda-5-pro
41,https://www.arabalar.com.tr/chevrolet/aveo
42,https://www.arabalar.com.tr/chevrolet/cruze
43,https://www.arabalar.com.tr/chevrolet/captiva
44,https://www.arabalar.com.tr/chevrolet/lacetti
45,https://www.arabalar.com.tr/chevrolet/trax
46,https://www.arabalar.com.tr/chevrolet/camaro
47,https://www.arabalar.com.tr/citroen/c4
48,https://www.arabalar.com.tr/citroen/c4-x
49,https://www.arabalar.com.tr/citroen/c5-aircross
50,https://www.arabalar.com.tr/citroen/c3
51,https://www.arabalar.com.tr/citroen/c3-aircross
52,https://www.arabalar.com.tr/citroen/ami
53,https://www.arabalar.com.tr/citroen/berlingo
54,https://www.arabalar.com.tr/citroen/c-elysee
55,https://www.arabalar.com.tr/citroen/c1
56,https://www.arabalar.com.tr/citroen/c3-picasso
57,https://www.arabalar.com.tr/citroen/c4-cactus
58,https://www.arabalar.com.tr/citroen/c4-picasso
59,https://www.arabalar.com.tr/citroen/c5
60,https://www.arabalar.com.tr/citroen/nemo
61,https://www.arabalar.com.tr/citroen/xsara
62,https://www.arabalar.com.tr/dacia/duster
63,https://www.arabalar.com.tr/dacia/sandero
64,https://www.arabalar.com.tr/dacia/jogger
65,https://www.arabalar.com.tr/dacia/dokker
66,https://www.arabalar.com.tr/dacia/lodgy
67,https://www.arabalar.com.tr/dacia/logan-mcv
68,https://www.arabalar.com.tr/dacia/logan
69,https://www.arabalar.com.tr/fiat/egea
70,https://www.arabalar.com.tr/fiat/egea-cross
71,https://www.arabalar.com.tr/fiat/doblo-combi
72,https://www.arabalar.com.tr/fiat/600
73,https://www.arabalar.com.tr/fiat/ulysse
74,https://www.arabalar.com.tr/fiat/topolino
75,https://www.arabalar.com.tr/fiat/500l
76,https://www.arabalar.com.tr/fiat/500x
77,https://www.arabalar.com.tr/fiat/albea
78,https://www.arabalar.com.tr/fiat/brava
79,https://www.arabalar.com.tr/fiat/bravo
80,https://www.arabalar.com.tr/fiat/doblo
81,https://www.arabalar.com.tr/fiat/fiorino
82,https://www.arabalar.com.tr/fiat/freemont
83,https://www.arabalar.com.tr/fiat/linea
84,https://www.arabalar.com.tr/fiat/marea
85,https://www.arabalar.com.tr/fiat/palio
86,https://www.arabalar.com.tr/fiat/panda
87,https://www.arabalar.com.tr/fiat/punto
88,https://www.arabalar.com.tr/fiat/siena
89,https://www.arabalar.com.tr/fiat/stilo
90,https://www.arabalar.com.tr/fiat/tempra
91,https://www.arabalar.com.tr/fiat/tipo
92,https://www.arabalar.com.tr/fiat/uno
93,https://www.arabalar.com.tr/fiat/doblo-cargo
94,https://www.arabalar.com.tr/ford/focus
95,https://www.arabalar.com.tr/ford/puma
96,https://www.arabalar.com.tr/ford/kuga
97,https://www.arabalar.com.tr/ford/tourneo-courier
98,https://www.arabalar.com.tr/ford/tourneo-connect
99,https://www.arabalar.com.tr/ford/transit-courier
100,https://www.arabalar.com.tr/ford/fiesta
101,https://www.arabalar.com.tr/ford/b-max
102,https://www.arabalar.com.tr/ford/c-max
103,https://www.arabalar.com.tr/ford/ecosport
104,https://www.arabalar.com.tr/ford/escort
105,https://www.arabalar.com.tr/ford/fusion
106,https://www.arabalar.com.tr/ford/ka
107,https://www.arabalar.com.tr/ford/mondeo
108,https://www.arabalar.com.tr/ford/ranger
109,https://www.arabalar.com.tr/ford/taunus
110,https://www.arabalar.com.tr/ford/transit-connect
111,https://www.arabalar.com.tr/ford/bronco-sport
112,https://www.arabalar.com.tr/geely/emgrand
113,https://www.arabalar.com.tr/geely/familia
114,https://www.arabalar.com.tr/geely/fc
115,https://www.arabalar.com.tr/honda/civic
116,https://www.arabalar.com.tr/honda/city
117,https://www.arabalar.com.tr/honda/cr-v
118,https://www.arabalar.com.tr/honda/jazz
119,https://www.arabalar.com.tr/honda/hr-v
120,https://www.arabalar.com.tr/honda/zr-v
121,https://www.arabalar.com.tr/honda/accord
122,https://www.arabalar.com.tr/honda/cr-z
123,https://www.arabalar.com.tr/hyundai/i10
124,https://www.arabalar.com.tr/hyundai/i20
125,https://www.arabalar.com.tr/hyundai/tucson
126,https://www.arabalar.com.tr/hyundai/bayon
127,https://www.arabalar.com.tr/hyundai/kona
128,https://www.arabalar.com.tr/hyundai/elantra
129,https://www.arabalar.com.tr/hyundai/ioniq-5
130,https://www.arabalar.com.tr/hyundai/ioniq-6
131,https://www.arabalar.com.tr/hyundai/staria
132,https://www.arabalar.com.tr/hyundai/accent-blue
133,https://www.arabalar.com.tr/hyundai/i30
134,https://www.arabalar.com.tr/hyundai/ix35
135,https://www.arabalar.com.tr/hyundai/getz
136,https://www.arabalar.com.tr/hyundai/accent
137,https://www.arabalar.com.tr/hyundai/accent-era
138,https://www.arabalar.com.tr/hyundai/excel
139,https://www.arabalar.com.tr/hyundai/santa-fe
140,https://www.arabalar.com.tr/jeep/avenger
141,https://www.arabalar.com.tr/jeep/compass
142,https://www.arabalar.com.tr/jeep/renegade
143,https://www.arabalar.com.tr/jeep/cherokee
144,https://www.arabalar.com.tr/jeep/grand-cherokee
145,https://www.arabalar.com.tr/kia/picanto
146,https://www.arabalar.com.tr/kia/stonic
147,https://www.arabalar.com.tr/kia/sportage
148,https://www.arabalar.com.tr/kia/xceed
149,https://www.arabalar.com.tr/kia/ev3
150,https://www.arabalar.com.tr/kia/ev6
151,https://www.arabalar.com.tr/kia/ev9
152,https://www.arabalar.com.tr/kia/sorento
153,https://www.arabalar.com.tr/kia/ceed
154,https://www.arabalar.com.tr/kia/cerato
155,https://www.arabalar.com.tr/kia/niro
156,https://www.arabalar.com.tr/kia/rio
157,https://www.arabalar.com.tr/kia/venga
158,https://www.arabalar.com.tr/kia/pride
159,https://www.arabalar.com.tr/mazda/cx-3
160,https://www.arabalar.com.tr/mazda/cx-5
161,https://www.arabalar.com.tr/mazda/rx
162,https://www.arabalar.com.tr/mazda/3
163,https://www.arabalar.com.tr/mazda/6
164,https://www.arabalar.com.tr/mazda/626
165,https://www.arabalar.com.tr/mercedes/a-serisi
166,https://www.arabalar.com.tr/mercedes/b-serisi
167,https://www.arabalar.com.tr/mercedes/c-serisi
168,https://www.arabalar.com.tr/mercedes/cla-serisi
169,https://www.arabalar.com.tr/mercedes/e-serisi
170,https://www.arabalar.com.tr/mercedes/eqa
171,https://www.arabalar.com.tr/mercedes/eqb
172,https://www.arabalar.com.tr/mercedes/eqe
173,https://www.arabalar.com.tr/mercedes/s-serisi
174,https://www.arabalar.com.tr/mercedes/gla-serisi
175,https://www.arabalar.com.tr/mercedes/glb
176,https://www.arabalar.com.tr/mercedes/glc
177,https://www.arabalar.com.tr/mercedes/cls
178,https://www.arabalar.com.tr/mercedes/vito
179,https://www.arabalar.com.tr/mitsubishi/space-star
180,https://www.arabalar.com.tr/mitsubishi/asx
181,https://www.arabalar.com.tr/mitsubishi/l-200
182,https://www.arabalar.com.tr/mitsubishi/lancer
183,https://www.arabalar.com.tr/mitsubishi/attrage
184,https://www.arabalar.com.tr/mitsubishi/colt
185,https://www.arabalar.com.tr/nissan/juke
186,https://www.arabalar.com.tr/nissan/qashqai
187,https://www.arabalar.com.tr/nissan/x-trail
188,https://www.arabalar.com.tr/nissan/micra
189,https://www.arabalar.com.tr/nissan/navara
190,https://www.arabalar.com.tr/nissan/note
191,https://www.arabalar.com.tr/nissan/primera
192,https://www.arabalar.com.tr/nissan/pulsar
193,https://www.arabalar.com.tr/nissan/skystar
194,https://www.arabalar.com.tr/opel/corsa
195,https://www.arabalar.com.tr/opel/astra
196,https://www.arabalar.com.tr/opel/mokka
197,https://www.arabalar.com.tr/opel/crossland
198,https://www.arabalar.com.tr/opel/grandland
199,https://www.arabalar.com.tr/opel/combo
200,https://www.arabalar.com.tr/opel/zafira
201,https://www.arabalar.com.tr/opel/insignia
202,https://www.arabalar.com.tr/opel/meriva
203,https://www.arabalar.com.tr/opel/vectra
204,https://www.arabalar.com.tr/opel/tigra
205,https://www.arabalar.com.tr/peugeot/208
206,https://www.arabalar.com.tr/peugeot/308
207,https://www.arabalar.com.tr/peugeot/2008
208,https://www.arabalar.com.tr/peugeot/408
209,https://www.arabalar.com.tr/peugeot/3008
210,https://www.arabalar.com.tr/peugeot/508
211,https://www.arabalar.com.tr/peugeot/5008
212,https://www.arabalar.com.tr/peugeot/rifter
213,https://www.arabalar.com.tr/peugeot/partner
214,https://www.arabalar.com.tr/peugeot/bipper
215,https://www.arabalar.com.tr/peugeot/106
216,https://www.arabalar.com.tr/peugeot/107
217,https://www.arabalar.com.tr/peugeot/206
218,https://www.arabalar.com.tr/peugeot/207
219,https://www.arabalar.com.tr/peugeot/301
220,https://www.arabalar.com.tr/peugeot/306
221,https://www.arabalar.com.tr/peugeot/307
222,https://www.arabalar.com.tr/peugeot/407
223,https://www.arabalar.com.tr/peugeot/expert
224,https://www.arabalar.com.tr/renault/clio
225,https://www.arabalar.com.tr/renault/megane
226,https://www.arabalar.com.tr/renault/duster
227,https://www.arabalar.com.tr/renault/austral
228,https://www.arabalar.com.tr/renault/rafale
229,https://www.arabalar.com.tr/renault/kangoo
230,https://www.arabalar.com.tr/renault/taliant
231,https://www.arabalar.com.tr/renault/captur
232,https://www.arabalar.com.tr/renault/express
233,https://www.arabalar.com.tr/renault/fluence
234,https://www.arabalar.com.tr/renault/kadjar
235,https://www.arabalar.com.tr/renault/koleos
236,https://www.arabalar.com.tr/renault/laguna
237,https://www.arabalar.com.tr/renault/latitude
238,https://www.arabalar.com.tr/renault/r-11
239,https://www.arabalar.com.tr/renault/r-19
240,https://www.arabalar.com.tr/renault/r-21
241,https://www.arabalar.com.tr/renault/r-9
242,https://www.arabalar.com.tr/renault/scenic
243,https://www.arabalar.com.tr/renault/symbol
244,https://www.arabalar.com.tr/renault/talisman
245,https://www.arabalar.com.tr/seat/ibiza
246,https://www.arabalar.com.tr/seat/leon
247,https://www.arabalar.com.tr/seat/arona
248,https://www.arabalar.com.tr/seat/ateca
249,https://www.arabalar.com.tr/seat/tarraco
250,https://www.arabalar.com.tr/seat/altea
251,https://www.arabalar.com.tr/seat/toledo
252,https://www.arabalar.com.tr/seat/cordoba
253,https://www.arabalar.com.tr/skoda/fabia
254,https://www.arabalar.com.tr/skoda/scala
255,https://www.arabalar.com.tr/skoda/octavia
256,https://www.arabalar.com.tr/skoda/superb
257,https://www.arabalar.com.tr/skoda/kamiq
258,https://www.arabalar.com.tr/skoda/karoq
259,https://www.arabalar.com.tr/skoda/kodiaq
260,https://www.arabalar.com.tr/skoda/citigo
261,https://www.arabalar.com.tr/skoda/rapid
262,https://www.arabalar.com.tr/skoda/roomster
263,https://www.arabalar.com.tr/skoda/yeti
264,https://www.arabalar.com.tr/subaru/crosstrek
265,https://www.arabalar.com.tr/subaru/forester
266,https://www.arabalar.com.tr/subaru/xv
267,https://www.arabalar.com.tr/subaru/impreza
268,https://www.arabalar.com.tr/suzuki/swift
269,https://www.arabalar.com.tr/suzuki/s-cross
270,https://www.arabalar.com.tr/suzuki/vitara
271,https://www.arabalar.com.tr/suzuki/sx4
272,https://www.arabalar.com.tr/suzuki/jimny
273,https://www.arabalar.com.tr/suzuki/baleno
274,https://www.arabalar.com.tr/suzuki/splash
275,https://www.arabalar.com.tr/suzuki/alto
276,https://www.arabalar.com.tr/tesla/model-y
277,https://www.arabalar.com.tr/togg/t10x
278,https://www.arabalar.com.tr/toyota/corolla
279,https://www.arabalar.com.tr/toyota/corolla-cross
280,https://www.arabalar.com.tr/toyota/yaris
281,https://www.arabalar.com.tr/toyota/yaris-cross
282,https://www.arabalar.com.tr/toyota/c-hr
283,https://www.arabalar.com.tr/toyota/rav4
284,https://www.arabalar.com.tr/toyota/land-cruiser
285,https://www.arabalar.com.tr/toyota/proace-city
286,https://www.arabalar.com.tr/toyota/hilux
287,https://www.arabalar.com.tr/toyota/auris
288,https://www.arabalar.com.tr/toyota/avensis
289,https://www.arabalar.com.tr/toyota/camry
290,https://www.arabalar.com.tr/toyota/verso
291,https://www.arabalar.com.tr/volkswagen/polo
292,https://www.arabalar.com.tr/volkswagen/golf
293,https://www.arabalar.com.tr/volkswagen/taigo
294,https://www.arabalar.com.tr/volkswagen/t-cross
295,https://www.arabalar.com.tr/volkswagen/t-roc
296,https://www.arabalar.com.tr/volkswagen/tiguan
297,https://www.arabalar.com.tr/volkswagen/passat
298,https://www.arabalar.com.tr/volkswagen/tayron
299,https://www.arabalar.com.tr/volkswagen/id-4
300,https://www.arabalar.com.tr/volkswagen/id-7
301,https://www.arabalar.com.tr/volkswagen/id-buzz
302,https://www.arabalar.com.tr/volkswagen/caddy
303,https://www.arabalar.com.tr/volkswagen/transporter
304,https://www.arabalar.com.tr/volkswagen/amarok
305,https://www.arabalar.com.tr/volkswagen/touareg
306,https://www.arabalar.com.tr/volkswagen/jetta
307,https://www.arabalar.com.tr/volkswagen/cc
308,https://www.arabalar.com.tr/volkswagen/bora
309,https://www.arabalar.com.tr/volkswagen/scirocco
310,https://www.arabalar.com.tr/volvo/ec40
311,https://www.arabalar.com.tr/volvo/ex40
312,https://www.arabalar.com.tr/volvo/xc60
313,https://www.arabalar.com.tr/volvo/xc90
314,https://www.arabalar.com.tr/volvo/c40
315,https://www.arabalar.com.tr/volvo/xc40
316,https://www.arabalar.com.tr/volvo/s40
317,https://www.arabalar.com.tr/volvo/s60
318,https://www.arabalar.com.tr/volvo/s80
319,https://www.arabalar.com.tr/volvo/s90
320,https://www.arabalar.com.tr/volvo/v40
321,https://www.arabalar.com.tr/volvo/v60
322,https://www.arabalar.com.tr/volvo/v90
